단어,품사,빈도수
을,JKO,879
다,EFN,842
에,JKM,526
를,JKO,470
하,XSV,456
의,JKG,414
ㄴ,ETD,322
이,JKS,279
에서,JKM,266
하다,NNP,238
·,SP,232
하,XSA,231
어,ECS,186
가,JKS,178
에게,JKM,175
등,NNB,164
고,ECE,162
는,ETD,109
게,ECD,106
ㄹ,ETD,105
로,JKM,96
여,ECS,81
명하,VV,81
것,NNB,79
으로,JKM,77
도록,ECD,75
청하,VV,72
",",SP,72
과,JKM,70
이,VCP,66
대하,VV,62
전,NNG,60
보,VV,54
바치,VV,54
윤,NNG,53
김,NNG,53
시키,XSV,53
아,ECS,51
니,ECD,49
은,ETD,48
다,ECS,48
지,ECD,47
도,NNG,47
의정부,NNG,46
들,XSN,45
기,ETN,45
보내,VV,45
내,VV,44
하,VV,44
리다,EFN,43
과,JC,43
베풀,VV,43
노비,NNG,42
올리,VV,41
내,EFN,39
죄,NNG,39
하사,NNG,38
세자,NNG,38
건의,NNG,38
사헌부,NNG,37
나,NP,36
형조,NNG,36
),SS,35
대간,NNG,35
(,SS,35
.,SF,34
주,VXV,34
와,JKM,33
박,NNG,32
닿,VV,31
오,VV,31
이,MDT,31
임금,NNG,30
예조,NNG,29
어,ECD,29
와,JC,29
전라도,NNG,29
절제사,NNG,28
상소,NNG,28
되,XSV,28
1,NR,27
않,VXV,27
어,VV,27
사,NNG,27
사람,NNG,27
민,NNG,26
경상도,NNG,26
도,JX,25
었,EPT,25
현,NNG,25
을,NNG,24
신,NNG,24
임명,NNG,24
안,NNG,24
제사,NNG,24
돌아오,VV,24
군,NNG,23
삼,VV,23
정하,VV,23
유,NNG,23
위하,VV,22
명,NNM,22
말,NNG,21
주,NNG,21
인,NNG,21
의논,NNG,21
잔치,NNG,20
상왕,NNG,20
왜구,NNG,20
왜인,NNG,19
가두,NNG,19
종,NNG,19
내리,VV,19
구경하,NNG,19
은,JX,19
도순,NNG,19
졸,VV,19
궁,NNG,19
일,NNG,19
아서,ECD,19
조,NNG,18
동교,NNG,18
교,NNG,18
사간원,NNG,18
우,NNG,18
매사냥,NNG,18
충청도,NNG,18
한,MDN,18
상,NNG,17
산,NNG,17
수군,NNG,17
관찰사,NNG,17
관직,NNG,17
성,NNG,17
왕,NNG,17
규정,NNG,17
일본,NNG,17
아뢰,VV,17
권,NNG,17
2,NR,17
있,VV,16
을,JX,16
사신,NNG,16
하여,MAG,16
판서,NNG,16
문제,NNG,16
아,ECD,16
문사,NNG,16
부,NNG,16
관하,VV,16
왜적,NNG,16
각도,NNG,16
술,NNG,16
송,NNG,16
끼,VV,15
위,NNG,15
제주,NNG,15
관원,NNG,15
주,VV,15
부사,NNG,15
순금사,NNG,15
사냥,NNG,15
최,XPN,15
파직,NNG,15
관리,NNG,15
석방,NNG,15
법,NNG,14
》,SS,14
와,VV,14
사의,NNG,14
토산물,NNG,14
관,NNG,14
따르,VV,14
3,NR,14
《,SS,14
동북면,NNG,14
고치,VV,14
무구,NNG,14
때,NNG,14
연회,NNG,14
남,NNG,14
인덕,NNG,13
가닿,VV,13
서리,NNG,13
사,VV,13
광,NNG,13
검,NNG,13
금,NNG,13
금하,VV,13
조준,NNG,13
탄핵,NNG,13
문하,NNG,13
잇,VV,13
척,NNM,13
윤허,NNG,13
연루,NNG,13
정무,NNG,13
내사,NNG,13
별감,NNG,12
함께,MAG,12
하례,NNG,12
오,VX,12
도감,NNG,12
대사헌,NNG,12
상정,NNG,12
정,NNG,12
범하,VV,12
쌀,NNG,12
문,NNG,12
포,NNG,12
하,NNB,12
덕수궁,NNG,12
으나,ECE,12
짓,VV,12
자리,NNG,12
나오,VV,12
다가,ECD,12
다시,MAG,12
귀,NNG,12
비가,NNG,12
자,ECE,12
및,MAG,12
사직,NNG,12
만들,VV,11
용서,NNG,11
권,XSN,11
병조,NNG,11
매,NNG,11
여러,MDT,11
처벌,NNG,11
일,NNM,11
황,NNG,11
첩목아,NNG,11
자문,NNG,11
서북면,NNG,11
거느리,VV,11
6,NR,11
명나라,NNG,11
종묘,NNG,11
가,VV,11
거둥,NNG,11
요동,NNG,11
강원도,NNP,11
등지,NNB,11
길,NNG,10
진상,NNG,10
천둥,NNG,10
천,NNG,10
경사,NNG,10
이상,NNG,10
토록,JX,10
정승,NNG,10
동지,NNG,10
총제,NNG,10
풍해,NNG,10
중추원,NNG,10
후,NNG,10
는,JX,10
더,EPT,10
받,VV,10
사인,NNG,10
4,NR,10
5,NR,10
토지,NNG,10
소,NNG,10
고신,NNG,10
치달,VV,10
량,NNG,10
세우,VV,10
최,NNP,10
등,NNG,10
귀양,NNG,10
호조,NNG,10
여,NNG,9
백,NR,9
향,NNG,9
변정,NNG,9
병마,NNG,9
부르,VV,9
말,VXV,9
집,NNG,9
오용,NNG,9
직첩,NNG,9
아들,NNG,9
백관,NNG,9
죽,VV,9
중,NNG,9
원,NNG,9
각,MDT,9
물,NNG,9
상서,NNG,9
허락,NNG,9
안개,NNG,9
옮기,VV,9
황제,NNG,9
나아,NNG,9
결,NNG,9
환궁,NNG,9
도관찰,NNG,9
돌아가,VV,9
판,NNG,9
근,NNG,9
경외,NNG,9
공사,NNG,9
대궐,NNG,9
과전,NNG,9
영,NNG,9
품,NNB,9
빌,VV,9
옥,NNG,8
임,NNG,8
승인,NNG,8
영길도,NNG,8
지시,NNG,8
설치,NNG,8
왜선,NNG,8
들어가,VV,8
좌정승,NNG,8
의주,NNG,8
삼성,NNG,8
제수,NNG,8
병선,NNG,8
서울,NNG,8
천호,NNP,8
이하,NNG,8
유후사,NNG,8
참의,NNG,8
번개,NNG,8
머물,VV,8
유정현,NNG,8
충,NNG,8
공,NNG,8
허,NNG,8
만호,NNG,8
대마도,NNG,8
ㅁ,ETN,8
치,VV,8
거두,VV,8
승,NNG,8
홍,NNG,8
전송,NNG,8
거듭,MAG,8
이조,NNG,8
경연,NNG,8
육조,NNG,8
지내,VV,8
바람,NNG,8
수,NNG,8
군사,NNG,8
헌수,NNG,8
아가,NNG,8
눈,NNG,8
제조,NNG,8
종친,NNG,8
조사,NNG,8
부의,NNG,8
고을,NNG,8
참찬,NNG,8
자,NNG,8
잡,VV,8
태평관,NNG,8
이천,NNG,8
만,JX,8
대호군,NNG,8
시호,NNG,8
까지,JX,7
이르,VV,7
국,NNG,7
개성,NNP,7
항복,NNG,7
마,NNG,7
진휼,NNG,7
강무,NNG,7
시키,VV,7
9,NR,7
성,XSN,7
시,NNG,7
월,NNM,7
행하,VV,7
씨,NNB,7
판사,NNG,7
따뜻,XR,7
첨,NNG,7
유성,NNG,7
내시,NNG,7
덕,NNG,7
합,NNG,7
날씨,NNG,7
동안,NNG,7
처,NNG,7
라,ECD,7
역,NNG,7
가지,VV,7
씩,XSN,7
박자,NNG,7
금지,NNG,7
논하,VV,7
철,NNG,7
그,VV,7
순,NNG,7
쓰,VV,7
횡,NNG,7
격구,NNG,7
논죄,NNG,7
태백성,NNG,7
모두,MAG,7
광주,NNG,7
달이,NNG,7
필,NNM,7
공신,NNG,7
미,NNG,7
관청,NNG,7
각사,NNG,7
토,NNG,7
라고,JX,7
역사,NNG,7
사사,NNG,7
겸,NNB,7
무사,NNG,7
개,NNM,7
청,NNG,7
일부,NNG,7
돌리,VV,7
소송,NNG,6
오미,NNG,6
중관,NNG,6
조세,NNG,6
무역,NNG,6
종편,NNG,6
대,NNG,6
두,JX,6
행차,NNG,6
운해,NNG,6
전지,NNG,6
경기,NNG,6
겸,NNG,6
20,NR,6
판결,NNG,6
관련,NNG,6
오도리,NNG,6
검토,NNG,6
머무르,VV,6
결절,NNG,6
두,VV,6
조회,NNG,6
해,NNG,6
유배,NNG,6
강,NNG,6
영흥,NNP,6
되,VV,6
흥,NNG,6
병,NNG,6
방비,NNG,6
사건,NNG,6
대언,NNG,6
처리,NNG,6
천거,NNG,6
중,NNB,6
조운,NNG,6
객인,NNG,6
신이,NNG,6
행,NNG,6
논의,NNG,6
조목,NNG,6
중지,NNG,6
수,NNB,6
년,NNM,6
제,XSN,6
전라,NNG,6
예부,NNG,6
기민,NNG,6
시위,NNG,6
이,NNG,6
경,NNG,6
운반,NNG,6
스,VV,6
쌓,VV,6
도성,NNG,6
설,NNG,6
기로,ECD,6
지급,NNG,6
옷,NNG,6
능,NNG,6
인사,NNG,6
어서,ECD,6
죄수,NNG,6
평안도,NNG,6
대신,NNP,6
기운,NNG,6
이직,NNG,6
무회,NNG,6
호,NNG,5
사례,NNG,5
이화,NNG,5
백,NNG,5
시행,NNG,5
있,VXV,5
저화,NNG,5
듣,VV,5
므로,ECD,5
선,NNG,5
순,MAG,5
없애,VV,5
왜,MAG,5
지진,NNG,5
면서,ECE,5
았,EPT,5
환급,NNG,5
밤,NNG,5
함,NNG,5
징발,NNG,5
투항,NNG,5
동,NNG,5
녹사,NNG,5
의금부,NNG,5
점고,NNG,5
햇무리,NNG,5
불,VV,5
장,NNG,5
양식,NNG,5
우레,NNG,5
공조,NNG,5
김사형,NNG,5
나누,VV,5
배,NNG,5
말하,VV,5
목,NNG,5
강화,NNG,5
돌려주,VV,5
조현,NNG,5
사사로이,MAG,5
온,NNG,5
도안,NNG,5
여,NR,5
실,NNG,5
지,ECS,5
이지,NNG,5
처음,NNG,5
미두,NNG,5
이숙번,NNG,5
백성,NNG,5
대책,NNG,5
과,NNG,5
본,NNG,5
무고,NNG,5
김승주,NNG,5
동서,NNG,5
고자,ECD,5
침입,NNG,5
정도전,NNG,5
장령,NNG,5
정,XSN,5
새로,MAG,5
수리,NNG,5
면제,NNG,5
탄일,NNG,5
나타나,VV,5
회수,NNG,5
산군,NNG,5
공안부,NNG,5
예물,NNG,5
봉,NNG,5
부터,JX,5
세,NNG,5
물품,NNG,5
문안,NNG,5
태상,NNG,5
태상왕,NNG,5
로,NNG,5
중국,NNG,5
분,NNG,5
견,NNG,5
방법,NNG,5
불화,NNG,5
목사,NNG,5
외방,NNG,5
사용,NNG,5
비,NNG,5
침몰,NNG,5
낮,NNG,5
을,ETD,5
파면,NNG,5
주령,NNG,5
상의,NNG,5
이,JX,5
맞,VV,5
하여금,MAG,5
우군,NNG,5
단,NNG,5
씨,NNG,5
7,NR,5
변,NNG,5
경상,NNG,5
주의,NNG,5
도당,NNG,5
요구,NNG,4
송환,NNG,4
당하,XSV,4
성균관,NNG,4
노,NNG,4
돌려보내,VV,4
규례,NNG,4
온정,NNG,4
명의,NNG,4
잡다,XR,4
감찰,NNG,4
싸우,VV,4
데,NNB,4
의안,NNG,4
곤장,NNG,4
러,ECD,4
고향,NNG,4
달,NNG,4
잘못,MAG,4
파,VV,4
기원,NNG,4
방간,NNG,4
용,NNG,4
박만,NNG,4
유양,NNG,4
서쪽,NNG,4
동쪽,NNG,4
다고,EFN,4
나,ECE,4
소감,NNG,4
조비,NNG,4
죽이,VV,4
라,NNG,4
아니하,VXV,4
행랑,NNG,4
평양,NNP,4
자제,NNG,4
우박,NNG,4
팔,VV,4
온천,NNG,4
터,NNG,4
고하,VV,4
부윤,NNG,4
치,XSN,4
좌,NNG,4
전서,NNG,4
붉,VA,4
정사,NNG,4
감무,NNG,4
우정승,NNG,4
불교,NNG,4
경성,NNG,4
양곡,NNG,4
호패,NNG,4
온이,MAG,4
교지,NNG,4
막,VV,4
홍유룡,UN,4
정조,NNG,4
간관,NNG,4
감사,NNG,4
10,NR,4
방어,NNG,4
가두,VV,4
부리,VV,4
떨어지,VV,4
서,NNG,4
자당,NNG,4
두,MDN,4
재,NNG,4
수행,NNG,4
황희,UN,4
허,XSV,4
비의,NNG,4
창고,NNG,4
조영무,NNG,4
이백,NNP,4
치하,NNG,4
건주위,NNG,4
사관,NNG,4
곡,NNG,4
송사,NNG,4
받들,VV,4
봉상시,NNG,4
얼,VV,4
서경,NNG,4
낳,VV,4
법석,NNG,4
현감,NNG,4
혁파,NNG,4
의,NNG,4
익사,NNG,4
크,VA,4
명,NNG,4
습,NNG,4
적합,NNG,4
운,NNG,4
직,NNG,4
영접,NNG,4
한성부,NNG,4
서,VV,4
무,NNG,4
부처,NNG,4
몰래,MAG,4
밖,NNG,4
였,EPT,4
소생,NNG,4
방물,NNG,4
척,NNB,4
30,NR,4
각각,MAG,4
패,NNG,4
고려,NNP,4
전사,NNG,4
며,ECE,4
축성,NNG,4
별,NNG,4
평,NNM,4
도사,NNG,4
더,MAG,4
가르,VV,4
서,JKM,4
곡식,NNG,4
화성,NNG,4
반,NNG,4
묻,VV,4
필,NNG,4
선군,NNG,4
반대,NNG,4
호군,NNG,4
보고,NNG,4
려,ECD,4
찬성사,NNG,4
이양,NNG,4
사재감,NNG,4
콩,NNG,4
직사,NNG,4
록,NNG,4
인원,NNG,4
신하,NNG,4
나,VV,4
진주,NNG,4
우가,NNG,4
그대로,MAG,4
성석린,NNG,4
부원군,NNG,4
11,NR,4
정릉,UN,4
정랑,NNG,4
녹,NNG,4
자손,NNG,4
나아오,VV,4
군신,NNG,4
김희선,NNG,4
진도,NNP,4
표문,NNG,4
수령,NNG,4
신정,NNG,4
갈,VV,4
하정사,NNG,4
곳,NNG,4
못하,VX,4
다는,ETD,4
친히,MAG,4
문의,NNG,4
지평,NNG,4
진,NNG,4
알현,NNG,4
목장,NNG,4
가뭄,NNG,3
환,NNG,3
촌,NNG,3
빈소,NNG,3
입,VV,3
이나,JX,3
금주,NNG,3
약탈,NNG,3
한성,NNG,3
계림,NNG,3
군자감,NNG,3
8,NR,3
인과,NNG,3
흥천사,NNG,3
자원,NNG,3
대부,NNG,3
내관,NNG,3
소식,NNG,3
참여,NNG,3
잡히,VV,3
호패법,NNG,3
간,NNG,3
대내,NNG,3
양근,NNG,3
통폐합,NNG,3
전이,NNG,3
둘러보,VV,3
이름,NNG,3
끝나,VV,3
판관,NNG,3
부인,NNG,3
삼공,NNG,3
정상,NNG,3
압령하,VV,3
보충,NNG,3
몰이꾼,NNG,3
원,NNM,3
충당,NNG,3
채택,NNG,3
이거,NP,3
문하부,NNG,3
동반,NNG,3
쏘,VV,3
시무,NNG,3
익히,VV,3
복명,NNG,3
계,NNG,3
계목,NNG,3
이성,NNG,3
신덕,NNG,3
왕후,NNG,3
칭,NNM,3
공물,NNG,3
연명,NNG,3
주살,NNG,3
모친,NNG,3
빈전,NNG,3
전하,VV,3
양마,NNG,3
기복,NNG,3
도착,NNG,3
장소,NNG,3
대장,NNG,3
화원,NNG,3
ㄴ다고,ECE,3
연,NNG,3
경기도,NNP,3
인부,NNG,3
의학,NNG,3
학,NNG,3
전문,NNG,3
빼앗,VV,3
화,XSN,3
상의원,NNG,3
소속,NNG,3
수가,NNG,3
저,MDT,3
동궁,NNG,3
건축,NNG,3
이전,NNG,3
복,NNG,3
앞,NNG,3
인소전,NNG,3
파견,NNG,3
모두,NNG,3
경력,NNG,3
손,NNG,3
관물,NNG,3
도관,NNG,3
과,JKO,3
갖추,VV,3
해룡,NNG,3
산,XSN,3
양,NNG,3
비전,NNG,3
봄,NNG,3
어야,ECD,3
편하,VA,3
필,NNB,3
중군,NNG,3
시중,NNG,3
알,VV,3
전과,NNG,3
지,NNG,3
밀양,NNG,3
논핵,NNG,3
연해,NNG,3
지방,NNG,3
계문,NNG,3
고,NNG,3
급제,NNG,3
과죄하,VV,3
이당,NNG,3
짙,VA,3
얼음,NNG,3
의복,NNG,3
상만호,NNG,3
조박,NNG,3
기거,NNG,3
사항,NNG,3
천,NR,3
궁궐,NNG,3
양부,NNG,3
때문,NNB,3
대,NNM,3
조상,NNG,3
산천,NNG,3
조계,NNG,3
정희계,UN,3
주로,MAG,3
글,NNG,3
가,NNG,3
강의,NNG,3
첩,NNG,3
바,NNG,3
고기,NNG,3
등에,NNG,3
천추사,NNG,3
태조,NNG,3
장수,NNG,3
석,NNM,3
80,NR,3
자,NNB,3
일행,NNG,3
음,ETN,3
맹인,NNG,3
능지,NNG,3
자의,NNG,3
북쪽,NNG,3
영이,NNG,3
찰리사,NNG,3
지체,NNG,3
유정,NNG,3
장사,NNG,3
추쇄,NNG,3
바닷물,NNG,3
섬라,NNG,3
사정,NNG,3
강음현,NNG,3
조항,NNG,3
염치,NNG,3
감시,NNG,3
발도,NNG,3
하연,NNG,3
환관,NNG,3
수속,NNG,3
주사,NNG,3
강릉,NNP,3
사가,NNG,3
침구,NNG,3
안,MAG,3
나무,NNG,3
지,VXV,3
태,NNG,3
구육,NNG,3
위문,NNG,3
해도,NNG,3
신극례,UN,3
예전,NNG,3
대로,JX,3
탈환,NNG,3
비단,NNG,3
땀,NNG,3
흘리,VV,3
하,NNG,3
지리산,NNP,3
활,NNG,3
이후,NNG,3
정장,NNG,3
이안,NNG,3
삼군,NNG,3
오,NNG,3
도망가,VV,3
평의,NNG,3
이나,JC,3
벼락,NNG,3
난,NNG,3
품의,NNG,3
경작,NNG,3
지형,NNG,3
차관,NNG,3
대장군,NNG,3
평주,NNG,3
국문,NNG,3
온의,NNG,3
폐단,NNG,3
50,NR,3
천신,NNG,3
제례,NNG,3
위조,NNG,3
입시,NNG,3
절차,NNG,3
개정,NNG,3
북방,NNG,3
공해,NNG,3
때리,VV,3
근정전,NNG,3
타,VV,3
대소,NNG,3
일어나,VV,3
데리,VV,3
수로,NNG,3
불상,NNG,3
가져오,VV,3
역참,NNG,3
사유,NNG,3
三省,OH,3
그,MDT,3
돌,NNG,3
값,NNG,3
선발,NNG,3
정부,NNG,3
화통,NNG,3
언,NNG,3
재계,NNG,3
개인,NNG,3
장정,NNG,3
용,XSN,3
이사,NNG,3
송충,NNG,3
여지,NNG,3
시험,NNG,3
속,NNG,3
밝히,VV,3
상언,NNG,3
함부로,MAG,3
마,VV,3
주,XSN,3
연복사,NNG,3
오진,NNG,3
잣,NNG,2
한꺼번에,MAG,2
삼사사,NNG,2
신도,NNG,2
수호,NNG,2
제한,NNG,2
우인,NNG,2
즐기,VV,2
다니,VV,2
채,MAG,2
풍속,NNG,2
한품,NNG,2
33,NR,2
일식,NNG,2
해지,VV,2
소복,NNG,2
각궁,NNG,2
회답,NNG,2
비오,VV,2
교외,NNG,2
호송,NNG,2
강계,NNG,2
유학,NNG,2
지르,VV,2
궁온,NNG,2
대군,NNG,2
많,VA,2
상고,NNG,2
캐어,UN,2
태일,NNG,2
역이,NNG,2
창기,NNG,2
공양왕,NNG,2
개선,NNG,2
육로,NNG,2
순례,NNG,2
주장,NNG,2
매매,NNG,2
목성,NNG,2
탄환,NNG,2
충의,NNG,2
농장,NNG,2
귀의,NNG,2
고소,NNG,2
형,XSN,2
유장,NNG,2
호구,NNG,2
음악,NNG,2
환자,NNG,2
희,VA,2
훔치,VV,2
반인,NNG,2
도총,NNG,2
승정원,NNG,2
강무하,VV,2
대학,NNG,2
연의,NNG,2
통사,NNG,2
품계,NNG,2
치제하,VV,2
국용,NNG,2
놀,VV,2
성에,NNG,2
문묘,NNG,2
벌,VV,2
는데,ECD,2
군인,NNG,2
도시,NNG,2
일으키,VV,2
아,VV,2
이유,NNG,2
효,NNG,2
봉하,VV,2
대비,NNG,2
첫,MDT,2
괴수,NNG,2
폐지,NNG,2
주조,NNG,2
복식,NNG,2
지우,VV,2
접반사,NNG,2
보,NNG,2
성변,NNG,2
경과,NNG,2
하라,NNP,2
대접,NNG,2
괴,NNM,2
먼저,MAG,2
조의,NNG,2
문서,NNG,2
없이,MAG,2
연주,NNG,2
무휼,NNG,2
불충,NNG,2
한강,NNP,2
골간,NNG,2
올,NNG,2
농사,NNG,2
거나,ECE,2
거둔,NNP,2
치사,NNG,2
남경,NNG,2
조가,NNG,2
차리,VV,2
진헌하,VV,2
의견,NNG,2
어기,VV,2
항,NNG,2
부마,NNG,2
전별,NNG,2
요청,NNG,2
정기,NNG,2
이동,NNG,2
진전,NNG,2
움직이,VV,2
계품,NNG,2
탁,NNB,2
살,VV,2
금은,NNG,2
원군,NNG,2
두,VXV,2
부에,NNG,2
파하,VV,2
통행,NNG,2
왕부,NNG,2
채광,NNG,2
유생,NNG,2
다투,VV,2
감귤,NNG,2
바닷가,NNG,2
심,VV,2
향교,NNG,2
미곡,NNG,2
땅,NNG,2
포위,NNG,2
양광도,NNG,2
노한,NNG,2
朝見,OH,2
준수,NNG,2
양성,NNG,2
품관,NNG,2
안국,NNP,2
이야기,NNG,2
안주,NNG,2
교동,NNP,2
기가,NNG,2
저절로,MAG,2
도리,NNG,2
하,VX,2
코끼리,NNG,2
급,NNG,2
근친,NNG,2
조현하,VV,2
토관,NNG,2
왕실,NNG,2
도망,NNG,2
철저히,MAG,2
12,NR,2
기양,NNG,2
소격전,NNG,2
부도,NNG,2
직제,NNG,2
가까이,NNG,2
친척,NNG,2
가산,NNG,2
각종,NNG,2
ㄹ지,ECD,2
점,NNM,2
업인,NNG,2
심,NNG,2
황후,NNG,2
이문,NNG,2
은,NNG,2
속육전,NNG,2
관장,NNG,2
고발,NNG,2
건원릉,NNG,2
본향,NNG,2
식량,NNG,2
명칭,NNG,2
압송,NNG,2
오랑,NNG,2
내구마,NNG,2
알아보,VV,2
개,NNG,2
별제,NNG,2
득,NNG,2
수,XSN,2
강사,NNG,2
세,NNB,2
계룡산,NNP,2
좌차,NNG,2
군기감,NNG,2
전조,NNG,2
균,NNG,2
정지,NNG,2
지로,NNG,2
여진인,NNG,2
주문,NNG,2
제외,NNG,2
화자,NNG,2
정표,NNG,2
재이,NNG,2
읽,VV,2
청심정,NNP,2
감면,NNG,2
이수,NNG,2
열,VV,2
중분,NNG,2
날짐승,NNG,2
실현,NNG,2
흠차,NNG,2
조서,NNG,2
사행,NNG,2
신과,NNG,2
마련,NNG,2
마천,NNP,2
상주,NNG,2
삼척,NNG,2
노략질하,VV,2
군적,NNG,2
성황신,NNG,2
힐문,NNG,2
답사,NNG,2
어가,NNG,2
산성,NNG,2
련을,UN,2
중국인,NNG,2
아이,VV,2
경,NNM,2
하자,NNG,2
그,NP,2
욕설,NNG,2
상사,NNG,2
회안,NNG,2
살피,VV,2
고읍,NNG,2
헌부,NNG,2
행정,NNG,2
구역,NNG,2
기에,ECD,2
개칭,NNG,2
적용,NNG,2
연향,NNG,2
노희봉,UN,2
신의,NNG,2
다,MAG,2
다량,NNG,2
짐승,NNG,2
수납,NNG,2
군현,NNG,2
육지,NNG,2
요,JX,2
방면,NNG,2
부유,NNG,2
해동청,NNG,2
기간,NNG,2
당하,VV,2
안성,NNP,2
헌의,NNG,2
유용,NNG,2
군선,NNG,2
음식,NNG,2
방환하,VV,2
삼,NR,2
노상,NNG,2
상황,NNG,2
갑옷,NNG,2
넓히,VV,2
주기,NNG,2
퍼뜨리,VV,2
현비,NNG,2
존호,NNG,2
도로,NNG,2
얻,VV,2
재,XSN,2
지휘,NNG,2
만,NR,2
마리,NNB,2
숭례문,NNG,2
뒤,NNG,2
사양,NNG,2
통감,NNG,2
촬,UN,2
저,NP,2
진강하,VV,2
시기,NNG,2
내용,NNG,2
중지하,NNG,2
절,NNG,2
소재,NNG,2
탈취,NNG,2
후손,NNG,2
장형,NNG,2
속공,NNG,2
태미,NNB,2
원의,NNG,2
반,XPN,2
전백,NNG,2
서운관,NNG,2
400,NR,2
원주,NNG,2
일기,NNG,2
접수,NNG,2
국왕,NNG,2
구주,NNG,2
절도사,NNG,2
신문고,NNG,2
강무장,NNG,2
화전,NNG,2
왕사,NNG,2
자초,NNG,2
접대,NNG,2
까마귀,NNG,2
떼,NNG,2
모여들,VV,2
대성,NNG,2
비축,NNG,2
이원,NNG,2
검,VA,2
치죄,NNG,2
신량,NNG,2
적선,NNG,2
삼남,NNG,2
안암동,NNG,2
이서,NNG,2
한,NNG,2
생의,NNG,2
군기,NNG,2
주부,NNG,2
오경,NNG,2
풍,NNG,2
아비,NNG,2
토성,NNG,2
건성,NNG,2
소경,NNG,2
29,NR,2
공이,NNG,2
문과,NNG,2
중시,NNG,2
아내,NNG,2
맞닿,VV,2
원,XSN,2
책봉,NNG,2
전국,NNG,2
이방간,NNG,2
조전,NNG,2
키,NNG,2
엄의,NNG,2
성묘,NNG,2
적몰,NNG,2
급여,NNG,2
뇌물,NNG,2
곽,NNG,2
문화,NNG,2
박이,NNG,2
원사,NNG,2
세,MDN,2
드,VV,2
궁주,NNG,2
전농시,NNG,2
들,NNG,2
감독,NNG,2
신극,NNG,2
방목,NNG,2
교장,NNG,2
강인,NNG,2
정진,NNG,2
으니,ECD,2
해괴제,NNG,2
범죄,NNG,2
울타리,NNG,2
헐,VV,2
친림하,VV,2
상경,NNG,2
묵,VV,2
가,JKC,2
죄주,VV,2
떠나,VV,2
개령,NNG,2
친군,NNG,2
호종,NNG,2
공상,NNG,2
제릉,UN,2
유관,NNG,2
둔전,NNG,2
따,VV,2
보리,NNG,2
동생,NNG,2
유영,NNG,2
봉례랑,NNG,2
안무,NNG,2
건너가,VV,2
서,ECD,2
서연관,NNG,2
올라오,VV,2
경우,NNG,2
늠,NNB,2
평정,NNG,2
민생,NNG,2
도만호,NNG,2
기록,NNG,2
허위,NNG,2
미수,NNG,2
오결,NNG,2
등,NNM,2
뽑,VV,2
참형,NNG,2
교형,NNG,2
공부,NNG,2
명사,NNG,2
채단,NNG,2
성절,NNG,2
말기,NNG,2
좌랑,NNG,2
차출,NNG,2
개신,NNG,2
전함,NNG,2
새,NNG,2
시랑,NNG,2
ㄴ다는,ETD,2
죄인,NNG,2
상호군,NNG,2
남교,NNG,2
노파,NNG,2
권희달,UN,2
사복시,NNG,2
옛,MDT,2
인구,NNG,2
1413,NR,2
제기,NNG,2
은영연,NNG,2
평,NNG,2
가전,NNG,2
이발,NNG,2
태수,NNG,2
조수,NNG,2
윤회,NNG,2
보이,VV,2
평전,NNG,2
들어오,VV,2
삼사,MDN,2
경사로,NNG,2
예장,NNG,2
공문,NNG,2
경진,NNG,2
년,XSN,2
의식,NNG,2
예궐,NNG,2
늦추,VV,2
도의,NNG,2
포로,NNG,2
창덕궁,NNG,2
자,NNM,2
나,JX,2
옥사,NNG,2
갈취,NNG,2
사역원,NNG,2
적,XSN,2
불태우,VV,2
보충군,NNG,2
혹은,MAG,2
사영,NNG,2
집지,NNG,2
증원,NNG,2
직접,MAG,2
부친,NNG,2
완성,NNG,2
물리치,VV,2
감로,NNG,2
비첩,NNG,2
왕비,NNG,2
내온,NNG,2
궁핍,NNG,2
수종,NNG,2
대가,NNG,2
통,NNG,2
편전,NNG,2
동북쪽,NNG,2
딸,NNG,2
궁인,NNG,2
의하,VV,2
부자,NNG,2
엄하,VA,2
관음,NNG,2
밤중,NNG,2
징수,NNG,2
십,NR,2
냥,NNM,2
남쪽,NNG,2
인심,NNG,2
화합,NNG,2
양제,NNG,1
영일,NNG,1
동해,NNG,1
범람,NNG,1
제,XPN,1
창현,NNG,1
약덕,NNG,1
생원시,NNG,1
윤상,NNG,1
132,NR,1
호의,NNG,1
참지,NNG,1
김입견,UN,1
공장,NNG,1
놓,VV,1
문수,NNG,1
법회,NNG,1
미가,NNG,1
14,NR,1
발,NNG,1
왕릉,NNG,1
두지,NNG,1
경안,NNG,1
영덕,NNG,1
오포,NNG,1
흐리,VV,1
남해,NNG,1
기,NNG,1
건설,NNG,1
집터,NNG,1
백세,NNG,1
선공감,NNG,1
숙련,NNG,1
달,VXV,1
물러가,VV,1
열이,MAG,1
계절,NNG,1
불씨,NNG,1
준의,NNG,1
선교,NNG,1
양종,NNG,1
사찰,NNG,1
선박,NNG,1
생,XSN,1
전공,NNG,1
개천,NNG,1
내,VXV,1
보태,NNG,1
구성,NNG,1
선과,NNG,1
감,NNG,1
낙성,NNG,1
축하,NNG,1
정해지,VV,1
숫자,NNG,1
외,NNB,1
내려가,VV,1
교수관,NNG,1
조을,VV,1
야,JX,1
오내,NNG,1
갓,NNG,1
풀이,NNG,1
갑주,NNG,1
법관,NNG,1
수문,NNG,1
갑사,NNG,1
어사,NNG,1
한을,UN,1
영역,NNG,1
종이,NNG,1
치르,VV,1
삼목도,NNG,1
어려움,NNG,1
근심,NNG,1
고독,NNG,1
구휼,NNG,1
장례,NNG,1
녹양,NNG,1
주연,NNG,1
안행,NNG,1
통고,NNG,1
바깥,NNG,1
마당,NNG,1
넓이,NNG,1
제생원,NNG,1
어리,VA,1
여자,NNG,1
아이,NNG,1
의약,NNG,1
가르치,VV,1
관의,NNG,1
격식,NNG,1
명명,NNG,1
상하,VV,1
군위,NNG,1
금강산,NNP,1
봉수,NNG,1
국방,NNG,1
안변,NNG,1
도망치,VV,1
영주,NNG,1
기남,NNP,1
보국,NNG,1
서해,NNG,1
단주,NNG,1
통례문,NNG,1
랑,JC,1
돈,NNG,1
부상,NNG,1
첨절제,NNG,1
구성미,NNG,1
문헌,NNG,1
유숙,NNG,1
빙자,NNG,1
황해도,NNG,1
동맹가,NNG,1
지휘사,NNG,1
사실,NNG,1
외직,NNG,1
속전,NNG,1
우세,NNG,1
탐지,NNG,1
정계,NNG,1
불구,XR,1
그냥,MAG,1
이끌,VV,1
추격,NNG,1
오문,NNG,1
진제,NNG,1
압록강,NNP,1
연하,VV,1
백록,NNG,1
좋아하,VV,1
그르,VA,1
수원,NNG,1
장족,NNG,1
안양,NNG,1
와,JKO,1
부지런히,MAG,1
칙서,NNG,1
도망자,NNG,1
불,NNG,1
계지,NNG,1
들판,NNG,1
정탐,NNG,1
미리,MAG,1
영풍,NNG,1
감원,NNG,1
간격,NNG,1
쯤,XSN,1
알,NNG,1
전헌례,UN,1
출척사,NNG,1
렬,UN,1
사은,NNG,1
하니,NNG,1
노릇,NNG,1
미역,NNG,1
내조,NNG,1
호자,NNG,1
저사,NNG,1
숙배,NNG,1
침,NNG,1
판문하,NNG,1
이산,NNG,1
세자부,NNG,1
인수,NNG,1
장담,NNG,1
대성전,NNG,1
불타,VV,1
방경,NNG,1
석명,NNG,1
동행,NNG,1
조관,NNG,1
수행원,NNG,1
안장,NNG,1
사위,NNG,1
천추절,NNG,1
계성,NNG,1
비,VV,1
비로,NNG,1
정경,NNG,1
종묘서,NNG,1
근무,NNG,1
경행,NNG,1
經行,OH,1
예문관,NNG,1
대제학,NNG,1
례,UN,1
복직,NNG,1
화척,NNG,1
도살,NNG,1
인동,NNP,1
혀,XSV,1
고상,NNG,1
으며,ECE,1
양전,NNG,1
정덕,NNG,1
좌복야,NNG,1
왕세자,NNG,1
책립하,VV,1
군국,NNG,1
맡기,VV,1
토산,NNG,1
추방,NNG,1
는다는,ETD,1
경,XSN,1
선영,NNG,1
장군,NNG,1
홍섭,UN,1
복주,NNG,1
연루자,NNG,1
맹종,NNG,1
돌보,VV,1
경하,NNG,1
누르,VV,1
사방,NNG,1
재가,NNG,1
삼자,NNG,1
참판,NNG,1
추,VV,1
기린,NNG,1
싸,VV,1
락,ECE,1
결수,NNG,1
짖,VV,1
노하,VV,1
꾸짖,VV,1
차,NNM,1
왕자,NNG,1
도량,NNG,1
병사,NNG,1
접견,NNG,1
음식물,NNG,1
반드시,MAG,1
대,VXV,1
거동,NNG,1
수전,NNG,1
위법,NNG,1
개국,NNM,1
망아지,NNG,1
바로,MAG,1
추,NNG,1
양장,NNG,1
란,ETD,1
집법,NNG,1
힘,NNG,1
없,VA,1
길흉,NNG,1
화복,NNG,1
뢰,UN,1
륜,UN,1
송정,NNG,1
왜군,NNG,1
파두,NNG,1
경원,NNG,1
우대언,NNG,1
사수,NNG,1
약과,NNG,1
起復,OH,1
섬,NNG,1
흥국사,NNG,1
유경,NNG,1
겹,NNG,1
강하,VV,1
유교,NNG,1
문답,NNG,1
집현전,NNG,1
시운,NNG,1
시권,NNG,1
달리,VV,1
암,NNG,1
면복,NNG,1
해선,NNG,1
노이,NNM,1
신효,NNG,1
수량,NNG,1
캐묻,VV,1
일가,NNG,1
유언,NNG,1
비어,NNG,1
설연,NNG,1
하옥,NNG,1
순문사,NNG,1
오기,NNG,1
정성껏,MAG,1
웅금,UN,1
못,NNG,1
상원,NNG,1
물이,NNG,1
벌겋,VA,1
끓,VV,1
오르,VV,1
보문각,NNG,1
예문,NNG,1
춘추관,NNG,1
태학사,NNG,1
질의,NNG,1
한나라,NNG,1
겸하,VV,1
성거산,NNG,1
관음굴,NNG,1
발호,NNG,1
억제,NNG,1
일본국,NNG,1
탐,NNG,1
특지,NNG,1
점검,NNG,1
의창,NNG,1
내,NP,1
기일,NNG,1
가짓수,NNG,1
경보,NNG,1
체찰사,NNG,1
박석,NNG,1
명이,NNG,1
병이,NNG,1
나자,NNG,1
사르,VV,1
농번기,NNG,1
환어,NNG,1
우현,NNG,1
보로,NNG,1
단양,NNG,1
17,NR,1
창,NNG,1
습의,NNG,1
경관,NNG,1
피하,VV,1
형,NNG,1
혹,NNG,1
세성,NNG,1
승전색,NNG,1
현직,NNG,1
포폄,NNG,1
강풍,NNG,1
꼬리,NNG,1
물,VV,1
이간,NNG,1
전일,NNG,1
결단,NNG,1
촉구,NNG,1
대사성,NNG,1
덕웅,UN,1
해일,NNG,1
발생,NNG,1
물리,VV,1
황도,NNG,1
빙문,NNG,1
단련,NNG,1
출사,NNG,1
수창,NNG,1
황충이,NNG,1
입,NNG,1
계하,VV,1
포구,NNG,1
일대,NNG,1
심덕,NNG,1
회복,NNG,1
상중,NNG,1
라도,ECD,1
귀향,NNG,1
기생첩,NNG,1
각문,NNG,1
윤하,NNG,1
진,XSN,1
유충,NNG,1
장사배,NNG,1
밀과,NNG,1
갑,NNG,1
갑피,NNG,1
죽음,NNG,1
조혼,NNG,1
49,NR,1
시독관,NNG,1
생원,NNG,1
형제,NNG,1
자해,NNG,1
좌헌납,NNG,1
하늘을,UN,1
지나가,VV,1
산도,NNG,1
파손,NNG,1
상락,NNG,1
소환,NNG,1
이달,NNG,1
득남,NNG,1
省親,OH,1
이틀,NNG,1
사자,NNG,1
구하,VV,1
중랑장,NNG,1
씨,XSN,1
자책,NNG,1
보주,NNG,1
궐내,NNG,1
불경,NNG,1
벌레,NNG,1
소나무,NNG,1
갉아먹,VV,1
차등,NNG,1
순도,NNG,1
이적,NNG,1
척석희,NNG,1
상차,NNG,1
소견,NNG,1
기마,NNG,1
모시,VV,1
가축,NNG,1
초의,NNG,1
그만두,VV,1
휴가,NNG,1
서정,NNG,1
오상,NNG,1
천문,NNG,1
유희,NNG,1
귀경길,NNG,1
모든,MDT,1
닭,NNG,1
먹이,VV,1
희천군,NNG,1
우,XSN,1
북면,NNP,1
득과,NNG,1
구종,NNG,1
압령,NNG,1
알리,VV,1
추석,NNG,1
구아,NNG,1
상소문,NNG,1
입조,NNG,1
베,NNG,1
전임,NNG,1
거주,NNG,1
가을,NNG,1
중월,NNG,1
부시,NNG,1
賦詩,OH,1
무가,NNG,1
계수관,NNG,1
겸전,NNG,1
녹이,VV,1
환약,NNG,1
수찬,NNG,1
진산,NNG,1
송도,NNG,1
모방,NNG,1
모화루,NNG,1
대관,NNG,1
정과,NNG,1
원규,NNG,1
비인,NNG,1
현과,NNG,1
목포,NNG,1
쇄신,NNG,1
책,NNG,1
개조,NNM,1
온,MDT,1
서열,NNG,1
석주,NNG,1
흥인문,NNG,1
옹성,NNG,1
거상,NNG,1
진술,NNG,1
도내,NNG,1
시위패,NNG,1
익,VA,1
군,EFI,1
계달하,VV,1
청주,NNG,1
요대,NNG,1
서화,NNG,1
따위,NNB,1
칠하,VV,1
서장관,NNG,1
정치,NNG,1
고시,NNG,1
대행,NNG,1
거애례,UN,1
호도,NNG,1
해미,NNG,1
칭하,VV,1
과수,NNG,1
보위,NNG,1
회암사,NNG,1
독초,NNG,1
사대부,NNG,1
상장,NNG,1
천식,NNG,1
불문,NNG,1
웅의,XR,1
하직,NNG,1
대장경,NNG,1
남양부,NNG,1
염장,NNG,1
자총,NNG,1
급보,NNG,1
병간호,NNG,1
만산,NNG,1
군의,NNG,1
붙이,VV,1
일체,MAG,1
저축,NNG,1
힘쓰,VV,1
감역,NNG,1
이미,MAG,1
서북,NNG,1
면의,NNG,1
흉년,NNG,1
靑州,OH,1
방패,NNG,1
합하,VV,1
쌍,NNG,1
밀직사,NNG,1
박원,NNG,1
요,NNG,1
밀,NNG,1
인친,NNG,1
ㄴ다며,ECE,1
흔단,NNG,1
말르,VV,1
기습,NNG,1
눈치채,VV,1
종용,NNG,1
한상질,NNG,1
풍악,NNG,1
아침,NNG,1
두성,NNG,1
이담,NNG,1
진위사,NNG,1
조문,NNG,1
우도,NNP,1
울리,VV,1
마신,NNG,1
최선,NNG,1
하늘,NNG,1
천자,NNG,1
24,NR,1
합격자,NNG,1
발표,NNG,1
합격,NNG,1
제군,NP,1
반차,NNG,1
족자,NNG,1
변란,NNG,1
장계,NNG,1
북,NNG,1
이북,NNG,1
증명서,NNG,1
발급,NNG,1
장대,NNG,1
사직서,NNG,1
무관,NNG,1
무경,NNG,1
이제,NNG,1
명단,NNG,1
도중,NNG,1
예도,NNG,1
지신사,NNG,1
심인,NNG,1
신청,NNG,1
심사,NNG,1
지목,NNG,1
인물,NNG,1
신중히,MAG,1
단문,NNG,1
접근,NNG,1
승원,NNG,1
줄이,VV,1
계수,NNG,1
구,NNG,1
계획,NNG,1
배알,NNG,1
초립,NNG,1
영자,NNG,1
기와,NNG,1
계속,MAG,1
이,NP,1
하삼도,NNG,1
주목,NNG,1
종정,NNG,1
유가,NNG,1
초,NNB,1
끌,VV,1
엄금,NNG,1
예고,NNG,1
부정,NNG,1
돈지,NNG,1
곧,MAG,1
전민,NNG,1
측량,NNG,1
이의,NNG,1
사목,NNG,1
이에,MAG,1
세공마,NNG,1
가게,NNG,1
둘째,NR,1
령,XSN,1
출발,NNG,1
되,ECD,1
만약,NNG,1
군사력,NNG,1
키우,VV,1
팔,NNG,1
매,VV,1
물고기,NNG,1
귀성,NNG,1
적시,NNG,1
토목,NNG,1
폐해,NNG,1
자석,NNG,1
갖가지,NNG,1
임방,NNG,1
산등성이,NNG,1
이장,NNG,1
박이,VV,1
배례,NNG,1
이첩,NNG,1
변경,NNG,1
대어,NNG,1
명령,NNG,1
겸직,NNG,1
녹봉,NNG,1
편의,NNG,1
새벽,NNG,1
야,NNG,1
문자,NNG,1
인신,NNG,1
징계,NNG,1
배척,NNG,1
원단,NNG,1
제로,NNG,1
내시부,NNG,1
부근,NNG,1
권계,NNG,1
울,VV,1
재소,NNG,1
주자소,NNG,1
인쇄,NNG,1
정총,NNG,1
죽,NNG,1
박부,NNG,1
따지,VV,1
만류,NNG,1
권,NNB,1
허주,NNG,1
새해,NNG,1
이종무,NNG,1
채방사,NNG,1
충이,NNG,1
황금,NNG,1
56,NR,1
제복,NNG,1
약재,NNG,1
나흘,NNG,1
하루,NNG,1
성주,NNG,1
이종,NNG,1
초제,NNG,1
묘성,NNG,1
망명,NNG,1
고양,NNG,1
서교,NNG,1
화물,NNG,1
고아,NNG,1
밥,NNG,1
칙,UN,1
저포,NNG,1
마포,NNG,1
은닉,NNG,1
양민,NNG,1
충군,NNG,1
림,NNM,1
많이,MAG,1
원한,NNG,1
99,NR,1
선유,NNG,1
성지,NNG,1
어제,NNG,1
지,VV,1
붉,VV,1
녀,NNG,1
작호,NNG,1
경복흥,NNG,1
묘,NNG,1
폭풍,NNG,1
불고,NNG,1
사망,NNG,1
복의,NNG,1
가볍,VA,1
경주,NNG,1
백률사,NNG,1
전단,NNG,1
개경사,NNG,1
아니,VV,1
종소리,NNG,1
김화,NNP,1
조참,NNG,1
十學,OH,1
은대,NNG,1
벌,NNM,1
우려,NNG,1
倭奴,OH,1
궁벽,XR,1
안치,NNG,1
영원히,MAG,1
용하,VA,1
좌사간,NNG,1
육,NNG,1
경희,NNG,1
경천사,NNG,1
화엄,NNG,1
위로,NNG,1
원호,NNG,1
안익,UN,1
명률,NNG,1
전객,NNG,1
덮,VV,1
두,NNG,1
반의,NNG,1
못,MAG,1
관하,NNG,1
인민,NNG,1
찾,VV,1
으러,ECD,1
우의,NNG,1
천시,NNG,1
인안전,NNG,1
진명,NNG,1
편입,NNG,1
太一殿,OH,1
후릉,UN,1
헌관,NNG,1
이틀간,NNG,1
관족사,NNG,1
돌부처,NNG,1
초례,NNG,1
醮禮,OH,1
백련사,NNG,1
서류,NNG,1
선원록,NNG,1
부록,NNG,1
아첨,NNG,1
화려,XR,1
잡과,NNG,1
용유,NNG,1
양청,NNG,1
역학,NNG,1
15,NR,1
시녀,NNG,1
화산군,NNG,1
기첩,NNG,1
옹주,NNG,1
망사,NNG,1
상상,NNG,1
삼태,NNG,1
중계,NNG,1
원성,NNG,1
화,NNG,1
아다가,ECD,1
처우,NNG,1
괴의,NNG,1
동시,NNG,1
로,XSN,1
곤시,NNG,1
事宜,OH,1
생일,NNG,1
성수,NNG,1
돌아앉,VV,1
식목,NNG,1
독,NNG,1
예법,NNG,1
충과,NNG,1
하성,NNG,1
시학,NNG,1
직숙,UN,1
용포,NNG,1
절사,NNG,1
현실,NNG,1
진충,NNG,1
배가,NNG,1
헤아리,VV,1
복덕,NNG,1
혜,UN,1
나무라,VV,1
賀箋,OH,1
致辭,OH,1
조반,NNG,1
쳐죽이,VV,1
향하,VV,1
살펴보,VV,1
금성,NNG,1
예가,NNG,1
식,XSN,1
의롱,NNG,1
衣籠,OH,1
씩,MAG,1
관곽,NNG,1
규모,NNG,1
스스로,MAG,1
太祖眞殿,OH,1
발령,NNG,1
행패,NNG,1
도,XSN,1
암사,NNG,1
평하,VV,1
백호,NNG,1
하질,NNG,1
추궁,NNG,1
좌군,NNG,1
초경,NNG,1
위반,NNG,1
오시,VV,1
서연,NNG,1
거관,NNG,1
잡물,NNG,1
내어,UN,1
도독부,NNG,1
권중화,NNG,1
부서지,VV,1
윤형,NNG,1
정박,NNG,1
추증,NNG,1
기우,NNG,1
교수,NNG,1
쏟아지,VV,1
무지개,NNG,1
흙비,NNG,1
기온,NNG,1
규제,NNG,1
어용,NNG,1
御容殿,OH,1
유통,NNG,1
별시위,NNG,1
계인,NNG,1
노모를,UN,1
같이,JKM,1
풀리,VV,1
임천,NNG,1
삼관,NNG,1
광대,NNG,1
천공,NNG,1
우열,NNG,1
상림원,NNG,1
1409,NR,1
순제,NNG,1
운하,NNG,1
축,NNG,1
규정를,UN,1
봄날,NNG,1
기축,NNG,1
방,NNG,1
반영,NNG,1
귀신,NNG,1
둑,NNG,1
놈,NNB,1
베,VV,1
시진,NNG,1
채운,NNG,1
월자,NNG,1
전선,NNG,1
전복,NNG,1
문원,NNG,1
마필,NNG,1
내보내,VV,1
동래,NNG,1
퇴각,NNG,1
21,NR,1
불사르,VV,1
사람에게,UN,1
궁부대에게,UN,1
동량,NNG,1
안렴사,NNG,1
존,NNP,1
복호,NNG,1
유임,NNG,1
겠,EPT,1
수성,NNG,1
유창,NNG,1
작위,NNG,1
곽씨,NNP,1
재산,NNG,1
싸움,NNG,1
생이,NNG,1
자살,NNG,1
같,VA,1
우빈객,NNG,1
이내,NNG,1
끼리,XSN,1
쟁송,NNG,1
의의,NNG,1
길지,NNG,1
지제,NNG,1
전물,NNG,1
불결,NNG,1
봉양,NNG,1
문건,NNG,1
히,NNG,1
다루,VV,1
거처,NNG,1
익수,NNP,1
사임,NNG,1
오중,NNG,1
도망병,NNG,1
누,NNG,1
25,NR,1
족,NNG,1
금강경,NNG,1
이우,NNG,1
밟히,VV,1
액정서,NNG,1
계모,NNG,1
송악,NNG,1
성황,NNG,1
입춘,NNG,1
인일,NNG,1
심수,NNG,1
간음,NNG,1
자복,NNG,1
주지,NNG,1
본사,NNG,1
本寺,OH,1
기,XSN,1
성군,NNG,1
호심,NNG,1
파,NNG,1
조정,NNG,1
맡,VV,1
장신,NNG,1
현보,NNG,1
복권,NNG,1
위성,NNG,1
천장,NNG,1
주군,NNG,1
들쑥날쑥,MAG,1
경계,NNG,1
궐문,NNG,1
모이,VV,1
판중추,NNG,1
이근,NNG,1
시책,NNG,1
규,UN,1
령를,UN,1
성만,NNG,1
시종,NNG,1
산의,NNG,1
노인,NNG,1
최의,NNG,1
남양,NNG,1
쟁,NNG,1
정월,NNG,1
초하루,NNG,1
비빈,NNG,1
불꽃놀이,NNG,1
준비,NNG,1
옆,NNG,1
순성,NNG,1
지,XSA,1
병마사,NNG,1
태령,NNG,1
사슴,NNG,1
마리,NNM,1
성비,NNG,1
용담,NNG,1
공주,NNG,1
좌와,NNG,1
권화,NNG,1
격퇴,NNG,1
영기,NNG,1
조선,NNG,1
위협,NNG,1
유현,NNG,1
형각,NNG,1
진의,NNG,1
공궤,NNG,1
식당,NNG,1
오,NR,1
잘,MAG,1
장교,NNG,1
위사,NNG,1
목과,NNG,1
직임,NNG,1
말리,VV,1
익과,NNG,1
의탁,NNG,1
돕,VV,1
관보,NNG,1
비결,NNG,1
떨,VV,1
원산,NNG,1
원부사,NNG,1
이리,NNG,1
탈루,NNG,1
조인,NNG,1
공안,NNG,1
또,MAG,1
지사,NNG,1
이웃,NNG,1
조원,NNG,1
룡,UN,1
익지,UN,1
웅진,NNP,1
허,VV,1
마치,VV,1
용구,NNG,1
연과,NNG,1
솔,NNG,1
마이산,NNP,1
추사,NNG,1
질,XSN,1
만,NNB,1
망제,NNG,1
귤,NNG,1
유자,NNG,1
방장,NNG,1
수릉,NNG,1
개석,NNG,1
89,NR,1
다치,VV,1
친족,NNG,1
생업,NNG,1
안정,NNG,1
승보,NNG,1
불르,VV,1
로써,JKM,1
동정,NNG,1
무너지,VV,1
옥의,NNG,1
의장,NNG,1
호위,NNG,1
경복궁,NNG,1
인솔,NNG,1
각,NNB,1
여의,NNG,1
손과,NNG,1
구타,NNP,1
치수,NNG,1
노,XPN,1
상산,NNG,1
하천,NNG,1
수백,NR,1
그루,NNM,1
천,XSN,1
산짐승,NNG,1
얼마나,MAG,1
마시,VV,1
먹,VV,1
상장군,NNG,1
전보,NNG,1
적임자,NNG,1
갑자기,MAG,1
차,VV,1
팔각정,NNG,1
거비,NNG,1
유면,NNG,1
안질,NNG,1
교법,NNG,1
고관,NNG,1
내장,NNG,1
음의,NNG,1
주라,NNG,1
봉영,NNG,1
상모,NNG,1
象毛,OH,1
재탄,NNG,1
용소,NNG,1
경차관,NNG,1
분의,NNG,1
성,XPN,1
사성,NNG,1
해풍,NNG,1
속하,VV,1
백악산,NNG,1
골,VV,1
응자,UN,1
충해,NNG,1
심하,VA,1
월,NNG,1
月課軍器,OH,1
양주,NNG,1
천보,NNG,1
산과,NNG,1
풍천,NNP,1
사슴과,NNG,1
우르,VV,1
계원,NNG,1
파악,NNG,1
설하,VV,1
살,NNG,1
마주,MAG,1
원우,NNG,1
퇴,NNG,1
봉상,NNG,1
구,XPN,1
성량,NNG,1
사명,NNG,1
고서,ECD,1
오래,MAG,1
시찰,NNG,1
감독관,NNG,1
두르,VV,1
보다,JKM,1
천변,NNG,1
지괴,NNG,1
영,MAG,1
삭,MAG,1
솟,VV,1
통하,VV,1
비용,NNG,1
지불,NNG,1
들,VV,1
영해,NNG,1
여진족,NNG,1
42,NR,1
마음대로,MAG,1
분,NNM,1
홍원,NNP,1
사전,NNG,1
祀典,OH,1
들이,VV,1
끊어지,VV,1
흐르,VV,1
모퉁이,NNG,1
사렵,NNG,1
절반,NNG,1
분배,NNG,1
더욱,MAG,1
저물,VV,1
녁,NNB,1
기르,VV,1
여경,NNG,1
같이,MAG,1
조연,NNG,1
복시,NNG,1
당성,NNG,1
신보,NNG,1
호부,NNG,1
김자수,NNG,1
수보,NNG,1
왕휴,UN,1
건강,NNG,1
황보인,NNG,1
폭주,NNG,1
이관,NNG,1
둘레,NNG,1
금형,NNG,1
날,NNG,1
간의,NNG,1
우구,NNG,1
용신당,NNG,1
내의,NNG,1
여울물,NNG,1
죽산,NNP,1
중맹선,NNG,1
당,NNG,1
요언,NNG,1
모질,VA,1
함락,NNG,1
취현방,UN,1
돌,VV,1
결정,NNG,1
문무,NNG,1
모임,NNG,1
제향,NNG,1
상복,NNG,1
통양,NNG,1
행주,NNG,1
대도,NNG,1
고득종,NNG,1
군자,NNG,1
명주,NNG,1
모든,NNP,1
옻칠,NNG,1
상자,NNG,1
숙청,NNG,1
전대,NNG,1
신,XPN,1
묘년,NNG,1
이주,NNG,1
대두,NNG,1
여러번,NNG,1
피해,NNG,1
환속,NNG,1
급전사,NNG,1
불복,NNG,1
여명,NNG,1
신무,NNG,1
충무,NNP,1
한로,NNG,1
겸관,NNG,1
이때,NNG,1
시작,NNG,1
순방,NNG,1
기지,NNG,1
基址,OH,1
증축,NNG,1
유은,NNG,1
지와,MAG,1
회,NNG,1
박초,NNG,1
안위,NNG,1
추가,NNG,1
작성,NNG,1
97,NR,1
이,JKC,1
다음날,NNG,1
송골매,NNG,1
육전,NNG,1
사송인,NNG,1
광,XSN,1
차,NNG,1
통신관,NNG,1
심히,MAG,1
부니,NNG,1
옥송,NNG,1
속히,MAG,1
내,NNG,1
시의,NNG,1
임명제,NNG,1
늙,VV,1
취한,NNG,1
천우,NNG,1
강조하,VV,1
뜻,NNG,1
이튿날,NNG,1
보,VXV,1
보,XSN,1
공격,NNG,1
좌산기,NNG,1
상시,NNG,1
안경검,UN,1
종사,NNG,1
두어,MDN,1
방,NNM,1
예속,NNG,1
효렴,NNG,1
공역,NNG,1
외의,NNG,1
시비,NNG,1
중외,NNG,1
물색,NNG,1
심성,NNG,1
기상,NNG,1
이변,NNG,1
인하,VV,1
자성,NNG,1
벼슬,NNG,1
재개,NNG,1
마전,NNG,1
지키,VV,1
감역관,NNG,1
능하,VA,1
활활출이,UN,1
지중추,NNG,1
조이,VV,1
정요,NNG,1
지공거,NNG,1
등용,NNG,1
과거,NNG,1
변하,VV,1
환수,NNG,1
세부,NNG,1
품,NNG,1
도태,NNG,1
지인,NNG,1
知印,OH,1
인의,NNG,1
생계,NNG,1
보조,NNG,1
낙점,NNG,1
1401,NR,1
아무런,MDT,1
고발자,NNG,1
수판,NNG,1
김남수,NNP,1
정결,NNG,1
고한,NNG,1
숭,UN,1
귀보,NNG,1
진해,NNG,1
번거롭,VA,1
효제,NNG,1
해진,NNG,1
재전,NNG,1
일정,NNG,1
한정,NNG,1
공무,NNG,1
천이,NNG,1
양인,NNG,1
발뒤꿈치,NNG,1
끊,VV,1
내쫓,VV,1
늦,VA,1
장관,NNG,1
실무자,NNG,1
계달,NNG,1
살기를,UN,1
한산,NNG,1
불허,NNG,1
절,VV,1
사간,NNG,1
광진,NNP,1
노도,NNG,1
제용감,NNG,1
구,NR,1
공박,NNG,1
기사,NNG,1
전구서,NNG,1
제거,NNG,1
이엉,NNG,1
가하,VV,1
기준,NNG,1
대비원,NNG,1
축방,NNG,1
백기,NNG,1
다음,NNG,1
내주,NNG,1
띄우,VV,1
군용,NNG,1
대렴,NNG,1
자,VV,1
최복,NNG,1
백의,NNG,1
착용,NNG,1
패전,NNG,1
지군사,NNG,1
영선,NNG,1
처형,NNG,1
민호,NNG,1
월령,NNG,1
개수,NNG,1
황상,NNG,1
방책,NNG,1
다툼,NNG,1
본부,NNG,1
율,NNG,1
전시,NNG,1
치루,VV,1
생신,NNG,1
혼,NNG,1
청과,NNG,1
논결하,VV,1
시혜소,NNG,1
소로,NNG,1
사육,NNG,1
마초,NNG,1
자자,NNG,1
영하,NNG,1
가운데,NNG,1
필요,NNG,1
청강,NNG,1
핑계,NNG,1
대,VV,1
거절,NNG,1
번개치,VV,1
염,NNG,1
실과,NNG,1
지함,NNG,1
동원,NNG,1
철거,NNG,1
물건,NNG,1
검사,NNG,1
피,NNG,1
캐,VV,1
소낙비,NNG,1
은사,NNG,1
도승지,NNG,1
인장,NNG,1
笠制,OH,1
제자,NNG,1
숨기,VV,1
두고,NNP,1
월선,NNG,1
月膳,OH,1
보마법,NNG,1
타이르,VV,1
박희무,UN,1
면죄,NNG,1
모살,NNG,1
혐의,NNG,1
어미,NNG,1
토의,NNG,1
자도,NNG,1
진하하,VV,1
태거,NNG,1
릉,UN,1
살인,NNG,1
또한,MAG,1
명군,NNG,1
교전,NNG,1
독살,NNG,1
안무사,NNG,1
시취,NNG,1
냇가,NNG,1
상당,NNG,1
애,NNG,1
불공,NNG,1
정면,NNG,1
안마,NNG,1
향이,NNG,1
새로이,MAG,1
진하,NNG,1
우의정,NNG,1
유의,NNG,1
벌,NNG,1
도감사,NNG,1
이승,NNG,1
재목,NNG,1
범종,NNG,1
현황,NNG,1
풍양,NNG,1
자,XSN,1
리,NNG,1
계보,NNG,1
우복야,NNG,1
사덕,NNG,1
출신지,NNG,1
산현,NNG,1
승격,NNG,1
훈련관,NNG,1
양반,NNG,1
성중관,NNG,1
병법,NNG,1
강습,NNG,1
2500,NR,1
건,NNM,1
私伴,OH,1
계,XSN,1
생,NNG,1
정역,NNG,1
싣,VV,1
편들,VV,1
하면,NNP,1
잘못,NNG,1
허망,NNG,1
술책,NNG,1
후하,VA,1
으려고,ECD,1
보천,NNG,1
문초,NNG,1
대원,NNG,1
바르,VA,1
돈녕,NNG,1
유습,NNG,1
계사,NNG,1
년,NNB,1
고장,NNG,1
양천,NNG,1
공처,NNG,1
상송,NNG,1
감세,NNG,1
버리,VXV,1
라고,ECD,1
소이,NNG,1
후자,NNG,1
?,SF,1
축문,NNG,1
빠뜨리,VV,1
거선,NNG,1
영의정,NNG,1
子,OH,1
출근,NNG,1
혼인,NNG,1
예식,NNG,1
으로써,JKM,1
적당,XR,1
겸의,NNG,1
일로,NNG,1
이등,NNG,1
비밀,NNG,1
누설,NNG,1
근일,NNG,1
기생,NNG,1
방종,NNG,1
건,NNG,1
거세,NNG,1
취하,VV,1
난동,NNG,1
저원,NNG,1
주서,NNG,1
비웃,VV,1
전후,NNG,1
모르,VV,1
우사간,NNG,1
박수,NNG,1
형과,NNG,1
정용,NNG,1
칠,NNG,1
표,NNG,1
적,NNB,1
자고,EFQ,1
일본어,NNG,1
사천,NNG,1
사이,NNG,1
정리,NNG,1
우시중,NNG,1
증직하,VV,1
라는,ETD,1
토인,NNG,1
일기도,NNG,1
걸,VV,1
200,NR,1
보내주,VV,1
청평,NNG,1
병란,NNG,1
지지,NNG,1
고성,NNG,1
취각령,UN,1
김익렴,NNG,1
궐,NNG,1
순종,NNG,1
경번갑,NNG,1
겸임,NNG,1
역모,NNG,1
가담,NNG,1
권희,UN,1
진도군,NNP,1
답험,NNG,1
서인,NNG,1
폐하,VV,1
부사정,NNG,1
우원,NNP,1
지가,NNG,1
에,VV,1
호피,NNG,1
궁시,NNG,1
라가,NNG,1
납향,NNG,1
금수,NNG,1
전,MDT,1
사소,NNG,1
공여,NNG,1
선장,NNG,1
膳狀,OH,1
후지,NNG,1
厚紙,OH,1
한도,NNG,1
구분,NNG,1
안색,NNG,1
이대,NNG,1
경죄,NNG,1
계월,NNG,1
감옥,NNG,1
치전,NNG,1
무렵,NNB,1
성절사,NNG,1
서방,NNG,1
이민,NNG,1
도가,NNG,1
적전,NNG,1
신축년,NNG,1
중분하,VV,1
의례,NNG,1
정소,NNG,1
범죄인,NNG,1
직책,NNG,1
바꾸,VV,1
부족,NNG,1
물자,NNG,1
주선,NNG,1
머무르다,UN,1
화살,NNG,1
구군,NNG,1
총,MDT,1
표리,NNG,1
임광,NNG,1
신료,NNG,1
불응,NNG,1
유한,NNG,1
순화,NNG,1
권극중,NNG,1
감당,NNG,1
일간,MAG,1
이만,MAG,1
읃,VV,1
죽이고,UN,1
내치,VV,1
일의,NNG,1
소목,NNG,1
만하,VXA,1
재주,NNG,1
양홍,NNG,1
전의,NNG,1
조청,NNG,1
절의,NNG,1
모으,VV,1
화지,NNG,1
禁火地,OH,1
이외,NNG,1
지역,NNG,1
마다,JX,1
우물,NNG,1
공동,NNG,1
강구,NNG,1
황자,NNG,1
희열,NNG,1
종친과,NNG,1
이초,NNG,1
판적,NNG,1
수의,NNG,1
지참,NNG,1
번상,NNG,1
시위군,NNG,1
귀농,NNG,1
나가,VV,1
정주,NNG,1
애도,NNG,1
쯤,NNG,1
언사,NNG,1
견책,NNG,1
종덕,NNG,1
약,NNG,1
방서,NNG,1
고찰,NNG,1
본초,NNG,1
언하,NNG,1
세금,NNG,1
조법,NNG,1
농,NNG,1
간한,NNG,1
찬성,NNG,1
오결하,VV,1
부대,NNG,1
여방,NNG,1
면직,NNG,1
역의,NNG,1
도장,NNG,1
개국,NNG,1
영정,NNG,1
입번하,VV,1
환도,NNG,1
지병,NNG,1
송아지,NNG,1
법이,NNG,1
넘치,VV,1
줄어들,VV,1
발설,NNG,1
수고,NNG,1
도용,NNG,1
약손,NNG,1
사형,NNG,1
불효,NNG,1
개편,NNG,1
포백,NNG,1
가부,NNG,1
공인,NNG,1
상인,NNG,1
부과,NNG,1
대로,NNG,1
단속,NNG,1
금의,NNG,1
월과,NNG,1
장인,NNG,1
천첩,NNG,1
수직,NNG,1
김종서,NNG,1
탐오,NNG,1
파훼하,VV,1
대흥,NNG,1
경천,NNG,1
법,XSN,1
향리,NNG,1
입제,NNG,1
"1,000",NR,1
목수,NNG,1
100,NR,1
장부,NNG,1
인견,NNG,1
빠지,VV,1
덕산동,NNP,1
흡,UN,1
김만수,NNG,1
최윤덕,NNG,1
작,VA,1
말로,NNG,1
서령,MAG,1
척,MAG,1
각전,NNG,1
껍질,NNG,1
까,VV,1
